tag Name,Desc,Slug
First level 01,Description for first level01,my first level 01
First level 02,Description for first level02,my first level 02
First level 03,Description for first level03,my first level 03
First level 04,Description for first level04,my first level 04
First level 05,Description for first level05,my first level 05
First level 01 | second level 01,Description for First level 01 | second level 01,my second level 01
First level 01 | second level 02,Description for First level 01 | second level 02,my second level 02
First level 01 | second level 03,Description for First level 01 | second level 03,my second level 03
First level 01 | second level 01 | third level 01,Description for third level 01,my third level 01
First level 01 | second level 02 | thrd level 02,Description for third level 02,my third level 02
First level 01 | second level 01 | third level 01 | fourth level,Description for fourth level ,my fouth level
First level 01 | second level 01 | third level 01 | fourth level | level 5,Description for fifth level ,my fifth level
First level 02 | second level 01,Description for First level 01 | second level 01,my second level 01
First level 02 | second level 02,Description for First level 01 | second level 02,my second level 02
First level 02 | second level 03,Description for First level 01 | second level 03,my second level 03
First level 03 | second level 01,Description for First level 01 | second level 01,my fouth level 01
First level 03 | second level 02,Description for First level 01 | second level 02,my fouth level 02
First level 03 | second level 03,Description for First level 01 | second level 03,my fouth level 03
